GROUP,PACKAGE,CLASS,INSTRUCTION_MISSED,INSTRUCTION_COVERED,BRANCH_MISSED,BRANCH_COVERED,LINE_MISSED,LINE_COVERED,COMPLEXITY_MISSED,COMPLEXITY_COVERED,METHOD_MISSED,METHOD_COVERED
jCalc,com.qiita.nimzo6689.jcalc.utils,Converts,3,16,0,0,1,4,1,2,1,2
jCalc,com.qiita.nimzo6689.jcalc.code,Operator.new Operator() {...},0,11,0,0,0,2,0,2,0,2
jCalc,com.qiita.nimzo6689.jcalc.code,Operator.new Operator() {...},0,11,0,0,0,2,0,2,0,2
jCalc,com.qiita.nimzo6689.jcalc.code,Operator.new Operator() {...},0,11,0,0,0,2,0,2,0,2
jCalc,com.qiita.nimzo6689.jcalc.code,Operator,27,83,1,3,3,9,3,5,2,4
jCalc,com.qiita.nimzo6689.jcalc.code,Operator.new Operator() {...},0,13,0,0,0,2,0,2,0,2
jCalc,com.qiita.nimzo6689.jcalc.code,CalcNumber,27,227,2,10,3,25,4,10,2,6
jCalc,com.qiita.nimzo6689.jcalc.state,RegisterBState,0,89,1,1,0,28,1,9,0,9
jCalc,com.qiita.nimzo6689.jcalc.state,ResultState,12,46,2,0,4,17,2,8,1,8
jCalc,com.qiita.nimzo6689.jcalc.state,OperatorState,18,65,4,2,5,21,4,8,1,8
jCalc,com.qiita.nimzo6689.jcalc.state,RegisterAState,0,54,1,1,0,19,1,9,0,9
jCalc,com.qiita.nimzo6689.jcalc,Bootstrap,6,20,0,0,3,5,1,3,1,3
jCalc,com.qiita.nimzo6689.jcalc,CalcConstants,3,9,0,0,1,2,1,1,1,1
jCalc,com.qiita.nimzo6689.jcalc,CalcController,0,76,0,0,0,20,0,8,0,8
jCalc,com.qiita.nimzo6689.jcalc,CalcContext,9,40,0,0,0,7,2,4,2,4
jCalc,com.qiita.nimzo6689.jcalc,CalcModel,0,92,0,4,0,22,0,14,0,12
